{"cameraMode":{"drawMode":0,"name":"Shaded","section":"Shading Mode"},"sceneLighting":true,"audioPlay":false,"sceneViewState":{"showFog":true,"showMaterialUpdate":false,"showSkybox":false,"showFlares":true,"showImageEffects":true,"showParticleSystems":true},"in2DMode":false,"pivot":{"x":0.16428685188293458,"y":5.498326778411865,"z":12.479384422302246},"rotation":{"x":-0.25133469700813296,"y":0.05316450819373131,"z":-0.013799596577882767,"w":-0.9665478467941284},"size":11.334461212158204,"orthographic":false}