{"cameraMode":{"drawMode":0,"name":"Shaded","section":"Shading Mode"},"sceneLighting":true,"audioPlay":false,"sceneViewState":{"showFog":true,"showMaterialUpdate":false,"showSkybox":true,"showFlares":true,"showImageEffects":true,"showParticleSystems":true},"in2DMode":false,"pivot":{"x":-0.8493876457214356,"y":1.481453776359558,"z":-2.4808130264282228},"rotation":{"x":0.15437766909599305,"y":-0.49821674823760989,"z":0.09066122770309448,"w":0.8483740091323853},"size":22.0,"orthographic":true}