{"cameraMode":{"drawMode":0,"name":"Shaded","section":"Shading Mode"},"sceneLighting":false,"audioPlay":false,"sceneViewState":{"showFog":true,"showMaterialUpdate":false,"showSkybox":false,"showFlares":true,"showImageEffects":true,"showParticleSystems":true},"in2DMode":false,"pivot":{"x":-0.3343921899795532,"y":3.440200090408325,"z":-0.14984607696533204},"rotation":{"x":0.005522967781871557,"y":0.9944347739219666,"z":-0.0687246099114418,"w":0.07980649918317795},"size":8.791635513305664,"orthographic":false}