{"cameraMode":{"drawMode":0,"name":"Shaded","section":"Shading Mode"},"sceneLighting":false,"audioPlay":false,"sceneViewState":{"showFog":true,"showMaterialUpdate":false,"showSkybox":false,"showFlares":true,"showImageEffects":true,"showParticleSystems":true},"in2DMode":false,"pivot":{"x":-0.06103515625,"y":-0.16326904296875,"z":-0.3907470703125},"rotation":{"x":-0.07875043153762818,"y":0.7415745854377747,"z":-0.08821095526218414,"w":-0.6606749892234802},"size":4.009836196899414,"orthographic":true}