{"cameraMode":{"drawMode":0,"name":"Shaded","section":"Shading Mode"},"sceneLighting":true,"audioPlay":false,"sceneViewState":{"showFog":true,"showMaterialUpdate":false,"showSkybox":false,"showFlares":true,"showImageEffects":true,"showParticleSystems":true},"in2DMode":false,"pivot":{"x":-2.7854042053222658,"y":6.333418369293213,"z":9.674142837524414},"rotation":{"x":0.06339433044195175,"y":0.9364347457885742,"z":-0.2531265914440155,"w":0.23452654480934144},"size":8.100049018859864,"orthographic":true}