{"cameraMode":{"drawMode":0,"name":"Shaded","section":"Shading Mode"},"sceneLighting":false,"audioPlay":false,"sceneViewState":{"showFog":true,"showMaterialUpdate":false,"showSkybox":false,"showFlares":true,"showImageEffects":true,"showParticleSystems":true},"in2DMode":false,"pivot":{"x":-0.322010338306427,"y":0.6980000138282776,"z":-0.850461483001709},"rotation":{"x":-0.27510398626327517,"y":0.415922075510025,"z":-0.13360276818275453,"w":-0.8564337491989136},"size":7.81953763961792,"orthographic":false}