{"cameraMode":{"drawMode":0,"name":"Shaded","section":"Shading Mode"},"sceneLighting":false,"audioPlay":false,"sceneViewState":{"showFog":true,"showMaterialUpdate":false,"showSkybox":false,"showFlares":true,"showImageEffects":true,"showParticleSystems":true},"in2DMode":false,"pivot":{"x":1.9154071807861329,"y":1.6879700422286988,"z":-2.7879562377929689},"rotation":{"x":0.10020644962787628,"y":0.5131546854972839,"z":-0.06047683209180832,"w":0.8502854704856873},"size":0.8954717516899109,"orthographic":false}