{"cameraMode":{"drawMode":0,"name":"Shaded","section":"Shading Mode"},"sceneLighting":true,"audioPlay":false,"sceneViewState":{"showFog":true,"showMaterialUpdate":false,"showSkybox":false,"showFlares":true,"showImageEffects":true,"showParticleSystems":true},"in2DMode":false,"pivot":{"x":-0.8848307728767395,"y":5.563605308532715,"z":4.324125289916992},"rotation":{"x":-0.26472851634025576,"y":-0.0049316175282001499,"z":0.0012645658571273089,"w":-0.9644182920455933},"size":28.986526489257814,"orthographic":false}