{"cameraMode":{"drawMode":0,"name":"Shaded","section":"Shading Mode"},"sceneLighting":true,"audioPlay":false,"sceneViewState":{"showFog":true,"showMaterialUpdate":false,"showSkybox":false,"showFlares":true,"showImageEffects":true,"showParticleSystems":true},"in2DMode":false,"pivot":{"x":-0.1835864782333374,"y":4.023995399475098,"z":13.725189208984375},"rotation":{"x":0.26205068826675417,"y":0.04919173941016197,"z":-0.013376163318753243,"w":0.963706910610199},"size":5.643887996673584,"orthographic":false}