{"cameraMode":{"drawMode":0,"name":"Shaded","section":"Shading Mode"},"sceneLighting":true,"audioPlay":false,"sceneViewState":{"showFog":true,"showMaterialUpdate":false,"showSkybox":false,"showFlares":true,"showImageEffects":true,"showParticleSystems":true},"in2DMode":false,"pivot":{"x":0.49471092224121096,"y":0.12971925735473634,"z":0.9000234603881836},"rotation":{"x":-0.056376200169324878,"y":0.01142854057252407,"z":-0.0005998039268888533,"w":-0.9985440373420715},"size":11.355880737304688,"orthographic":false}