{"cameraMode":{"drawMode":0,"name":"Shaded","section":"Shading Mode"},"sceneLighting":false,"audioPlay":false,"sceneViewState":{"showFog":true,"showMaterialUpdate":false,"showSkybox":false,"showFlares":true,"showImageEffects":true,"showParticleSystems":true},"in2DMode":false,"pivot":{"x":-0.2524462938308716,"y":0.3591119050979614,"z":0.5804902911186218},"rotation":{"x":0.07748432457447052,"y":0.4792080819606781,"z":-0.0425211600959301,"w":0.8732410073280335},"size":3.9536287784576418,"orthographic":true}