{"cameraMode":{"drawMode":0,"name":"Shaded","section":"Shading Mode"},"sceneLighting":true,"audioPlay":false,"sceneViewState":{"showFog":true,"showMaterialUpdate":false,"showSkybox":false,"showFlares":true,"showImageEffects":true,"showParticleSystems":true},"in2DMode":false,"pivot":{"x":2.955094814300537,"y":1.1337060928344727,"z":13.000222206115723},"rotation":{"x":0.23751436173915864,"y":0.29477962851524355,"z":-0.07589134573936463,"w":0.9224739670753479},"size":14.210829734802246,"orthographic":false}