{"cameraMode":{"drawMode":0,"name":"Shaded","section":"Shading Mode"},"sceneLighting":true,"audioPlay":false,"sceneViewState":{"showFog":true,"showMaterialUpdate":false,"showSkybox":false,"showFlares":true,"showImageEffects":true,"showParticleSystems":true},"in2DMode":false,"pivot":{"x":-3.5728297233581545,"y":4.232568264007568,"z":10.141105651855469},"rotation":{"x":0.2934170663356781,"y":0.09729591012001038,"z":-0.030028844252228738,"w":0.950560986995697},"size":6.716862678527832,"orthographic":false}