{"cameraMode":{"drawMode":0,"name":"Shaded","section":"Shading Mode"},"sceneLighting":false,"audioPlay":false,"sceneViewState":{"showFog":true,"showMaterialUpdate":false,"showSkybox":false,"showFlares":true,"showImageEffects":true,"showParticleSystems":true},"in2DMode":false,"pivot":{"x":-7.152557373046875e-7,"y":1.1154214143753052,"z":-3.711047410964966},"rotation":{"x":0.00646401708945632,"y":0.9935221672058106,"z":-0.07615254074335098,"w":0.08423449099063873},"size":7.259358882904053,"orthographic":false}