{"cameraMode":{"drawMode":0,"name":"Shaded","section":"Shading Mode"},"sceneLighting":false,"audioPlay":false,"sceneViewState":{"showFog":true,"showMaterialUpdate":false,"showSkybox":false,"showFlares":true,"showImageEffects":true,"showParticleSystems":true},"in2DMode":false,"pivot":{"x":935.740234375,"y":14.390243530273438,"z":0.06845297664403916},"rotation":{"x":0.2361641526222229,"y":-0.22776733338832856,"z":0.05702342092990875,"w":0.942952573299408},"size":3209.178955078125,"orthographic":true}