{"cameraMode":{"drawMode":0,"name":"Shaded","section":"Shading Mode"},"sceneLighting":false,"audioPlay":false,"sceneViewState":{"showFog":true,"showMaterialUpdate":false,"showSkybox":false,"showFlares":true,"showImageEffects":true,"showParticleSystems":true},"in2DMode":false,"pivot":{"x":-2.5385093688964845,"y":0.041390955448150638,"z":0.813605546951294},"rotation":{"x":0.07652206718921662,"y":0.8958889245986939,"z":-0.1699739247560501,"w":0.4033072888851166},"size":1.8623652458190919,"orthographic":false}