{"cameraMode":{"drawMode":0,"name":"Shaded","section":"Shading Mode"},"sceneLighting":true,"audioPlay":false,"sceneViewState":{"showFog":true,"showMaterialUpdate":false,"showSkybox":false,"showFlares":true,"showImageEffects":true,"showParticleSystems":true},"in2DMode":false,"pivot":{"x":1.123723030090332,"y":6.649613857269287,"z":9.85336685180664},"rotation":{"x":0.3346693217754364,"y":-0.026851600036025049,"z":0.009540719911456108,"w":0.9419050812721252},"size":31.00681495666504,"orthographic":false}