{"cameraMode":{"drawMode":0,"name":"Shaded","section":"Shading Mode"},"sceneLighting":true,"audioPlay":false,"sceneViewState":{"showFog":true,"showMaterialUpdate":false,"showSkybox":false,"showFlares":true,"showImageEffects":true,"showParticleSystems":true},"in2DMode":false,"pivot":{"x":1.1947741508483887,"y":1.3272573947906495,"z":-0.18788659572601319},"rotation":{"x":0.11694906651973725,"y":0.7613352537155151,"z":-0.14325863122940064,"w":0.6214504837989807},"size":5.402668476104736,"orthographic":false}