{"cameraMode":{"drawMode":0,"name":"Shaded","section":"Shading Mode"},"sceneLighting":false,"audioPlay":false,"sceneViewState":{"showFog":true,"showMaterialUpdate":false,"showSkybox":false,"showFlares":true,"showImageEffects":true,"showParticleSystems":true},"in2DMode":false,"pivot":{"x":-10.723250389099121,"y":3.190000057220459,"z":-0.07999992370605469},"rotation":{"x":0.19048693776130677,"y":0.2150861620903015,"z":-0.04281469061970711,"w":0.9568867087364197},"size":5.29664421081543,"orthographic":true}