{"cameraMode":{"drawMode":0,"name":"Shaded","section":"Shading Mode"},"sceneLighting":true,"audioPlay":false,"sceneViewState":{"showFog":true,"showMaterialUpdate":false,"showSkybox":false,"showFlares":true,"showImageEffects":true,"showParticleSystems":true},"in2DMode":false,"pivot":{"x":-0.2899751663208008,"y":4.009000301361084,"z":13.58003044128418},"rotation":{"x":0.26205068826675417,"y":0.04919173941016197,"z":-0.013376163318753243,"w":0.963706910610199},"size":44.57645797729492,"orthographic":false}