{"cameraMode":{"drawMode":0,"name":"Shaded","section":"Shading Mode"},"sceneLighting":false,"audioPlay":false,"sceneViewState":{"showFog":true,"showMaterialUpdate":false,"showSkybox":false,"showFlares":true,"showImageEffects":true,"showParticleSystems":true},"in2DMode":false,"pivot":{"x":-0.12299997359514237,"y":1.3140696287155152,"z":-1.080399990081787},"rotation":{"x":0.044338371604681018,"y":0.5882604718208313,"z":-0.03232545778155327,"w":0.8068153858184815},"size":0.2108258605003357,"orthographic":true}